ntree,accuracy,F1
5,0.4290401310401311,0.11426965407485297
15,0.41837128037128035,0.10926562549462789
25,0.4217158067158068,0.11152168213649187
35,0.42100503100503106,0.11050483870310432
