ntree,accuracy,F1
5,0.737498691784406,0.5152050092445604
15,0.7366823652537938,0.5201352383467261
25,0.7350811093668236,0.5134434331510187
35,0.7339657621290274,0.5101024744918894
