ntree,accuracy,F1
5,0.8299999999999998,0.8906371934064264
15,0.8274444444444444,0.8898642214514967
25,0.8232666666666667,0.8868723483820812
35,0.8261428571428573,0.888587779904741
