ntree,accuracy,F1
5,0.8004040404040405,0.8438771691271423
15,0.8004867724867726,0.8441038317702713
25,0.8007873015873017,0.8435638919050319
35,0.7989095031952174,0.8426804245664024
